[
  {
    "_id": "0579b440-f15f-11e9-8662-f39ce0ddf6cd",
    "_type": "dashboard",
    "_source": {
      "title": "Challenge_dashboard",
      "hits": 0,
      "description": "",
      "panelsJSON": "[{\"panelIndex\":\"1\",\"gridData\":{\"x\":0,\"y\":0,\"w\":6,\"h\":3,\"i\":\"1\"},\"id\":\"b0bd4f80-f15d-11e9-8662-f39ce0ddf6cd\",\"type\":\"visualization\",\"version\":\"6.2.3\"},{\"panelIndex\":\"2\",\"gridData\":{\"x\":6,\"y\":0,\"w\":6,\"h\":3,\"i\":\"2\"},\"version\":\"6.2.3\",\"type\":\"visualization\",\"id\":\"d8f88910-f15d-11e9-8662-f39ce0ddf6cd\"},{\"panelIndex\":\"3\",\"gridData\":{\"x\":0,\"y\":3,\"w\":6,\"h\":3,\"i\":\"3\"},\"version\":\"6.2.3\",\"type\":\"visualization\",\"id\":\"03292a00-f15e-11e9-8662-f39ce0ddf6cd\"},{\"gridData\":{\"w\":6,\"h\":3,\"x\":6,\"y\":3,\"i\":\"4\"},\"version\":\"6.2.3\",\"panelIndex\":\"4\",\"type\":\"visualization\",\"id\":\"d8a9b050-f15e-11e9-8662-f39ce0ddf6cd\"}]",
      "optionsJSON": "{\"darkTheme\":false,\"hidePanelTitles\":false,\"useMargins\":true}",
      "version": 1,
      "timeRestore": false,
      "kibanaSavedObjectMeta": {
        "searchSourceJSON": "{\"query\":{\"language\":\"lucene\",\"query\":\"\"},\"filter\":[],\"highlightAll\":true,\"version\":true}"
      }
    }
  }
]