[
  {
    "_id": "98bf18c0-f1a1-11e9-a5e1-5713734fee35",
    "_type": "dashboard",
    "_source": {
      "title": "Challenge_dash",
      "hits": 0,
      "description": "",
      "panelsJSON": "[{\"panelIndex\":\"1\",\"gridData\":{\"x\":0,\"y\":0,\"w\":6,\"h\":3,\"i\":\"1\"},\"version\":\"6.2.3\",\"type\":\"visualization\",\"id\":\"29b57fa0-f1a1-11e9-a5e1-5713734fee35\"},{\"panelIndex\":\"2\",\"gridData\":{\"x\":6,\"y\":0,\"w\":6,\"h\":3,\"i\":\"2\"},\"version\":\"6.2.3\",\"type\":\"visualization\",\"id\":\"43c47d10-f1a1-11e9-a5e1-5713734fee35\"},{\"panelIndex\":\"3\",\"gridData\":{\"x\":0,\"y\":3,\"w\":6,\"h\":3,\"i\":\"3\"},\"version\":\"6.2.3\",\"type\":\"visualization\",\"id\":\"5c56c590-f1a1-11e9-a5e1-5713734fee35\"},{\"gridData\":{\"w\":6,\"h\":3,\"x\":6,\"y\":3,\"i\":\"4\"},\"version\":\"6.2.3\",\"panelIndex\":\"4\",\"type\":\"visualization\",\"id\":\"fe3b95d0-f1a0-11e9-a5e1-5713734fee35\"}]",
      "optionsJSON": "{\"darkTheme\":false,\"useMargins\":true,\"hidePanelTitles\":false}",
      "version": 1,
      "timeRestore": false,
      "kibanaSavedObjectMeta": {
        "searchSourceJSON": "{\"query\":{\"query\":\"\",\"language\":\"lucene\"},\"filter\":[],\"highlightAll\":true,\"version\":true}"
      }
    }
  }
]